"category","subcategory","ID","Description","GeneRatio","BgRatio","RichFactor","FoldEnrichment","zScore","pvalue","p.adjust","qvalue","geneID","Count"
"Cellular Processes","Cellular community - eukaryotes","hsa04520","Adherens junction","6/55","93/9396",0.0645161290322581,11.0217008797654,7.45254231881729,1.56802527231936e-05,0.00313605054463871,0.00245932384816404,"5787/7048/1387/1956/3480/10163",6
"Human Diseases","Cancer: overview","hsa05202","Transcriptional misregulation in cancer","7/55","201/9396",0.0348258706467662,5.94952510176391,5.4427544805295,0.000156967147101087,0.0156967147101087,0.0123095289042431,"7704/4211/7048/862/598/5218/3480",7
"Environmental Information Processing","Signal transduction","hsa04630","JAK-STAT signaling pathway","6/55","168/9396",0.0357142857142857,6.1012987012987,5.11934800047362,0.000419466785588901,0.0279644523725934,0.0219300179132443,"3977/3459/1387/598/1956/896",6
"Organismal Systems","Immune system","hsa04062","Chemokine signaling pathway","6/55","193/9396",0.0310880829015544,5.31097503532737,4.64325464964002,0.000872429923050155,0.0316640558008556,0.0248312858648815,"408/57580/2309/10451/5332/2776",6
"Organismal Systems","Endocrine system","hsa04926","Relaxin signaling pathway","5/55","130/9396",0.0384615384615385,6.57062937062937,4.90752865086486,0.000938279742269295,0.0316640558008556,0.0248312858648815,"408/7048/5332/59350/1956",5
"Environmental Information Processing","Signal transduction","hsa04068","FoxO signaling pathway","5/55","133/9396",0.037593984962406,6.42241968557758,4.83254790127728,0.00103964582866521,0.0316640558008556,0.0248312858648815,"2309/7048/1387/1956/3480",5
"Human Diseases","Drug resistance: antineoplastic","hsa01521","EGFR tyrosine kinase inhibitor resistance","4/55","80/9396",0.05,8.54181818181818,5.19803695449119,0.00119528445267847,0.0316640558008556,0.0248312858648815,"2309/598/1956/3480",4
"Organismal Systems","Endocrine system","hsa04915","Estrogen signaling pathway","5/55","139/9396",0.0359712230215827,6.14519293655984,4.68928883689134,0.00126656223203422,0.0316640558008556,0.0248312858648815,"2289/5332/8202/1956/2776",5
