"category","subcategory","ID","Description","GeneRatio","BgRatio","RichFactor","FoldEnrichment","zScore","pvalue","p.adjust","qvalue","geneID","Count"
"Cellular Processes","Cellular community - eukaryotes","hsa04510","Focal adhesion","14/159","203/9396",0.0689655172413793,4.07547169811321,5.81182603708267,8.250838449002e-06,0.00216171967363852,0.00190203538982257,"857/1956/8395/1286/5602/1285/824/7414/2013/3725/2909/1287/55742/87",14
"Human Diseases","Endocrine and metabolic disease","hsa04933","AGE-RAGE signaling pathway in diabetic complications","9/159","101/9396",0.0891089108910891,5.26583224360172,5.65485202606992,5.01527159805747e-05,0.00657000579345528,0.00578076042091887,"7048/1286/5602/1285/5581/3725/1287/51196/3717",9
