"category","subcategory","ID","Description","GeneRatio","BgRatio","RichFactor","FoldEnrichment","zScore","pvalue","p.adjust","qvalue","geneID","Count"
"Environmental Information Processing","Signal transduction","hsa04151","PI3K-Akt signaling pathway","14/95","362/9396",0.0386740331491713,3.82506542599593,5.53972396321432,1.47745540119727e-05,0.00333904920670583,0.00270607620850869,"3912/8516/3915/4254/5295/1946/3910/3563/2309/284/2690/1956/5586/5516",14
"Cellular Processes","Cellular community - eukaryotes","hsa04510","Focal adhesion","10/95","203/9396",0.0492610837438424,4.87218045112782,5.63664066698971,3.63061286586621e-05,0.00410259253842881,0.00332487704558274,"3912/8516/3915/5295/3910/5602/83660/5500/1956/1793",10
"Organismal Systems","Nervous system","hsa04722","Neurotrophin signaling pathway","7/95","120/9396",0.0583333333333333,5.76947368421053,5.31405546006861,0.00020300413773493,0.0127052916811926,0.0102967897183396,"5295/2549/5602/2309/6272/5607/10818",7
"Environmental Information Processing","Signal transduction","hsa04152","AMPK signaling pathway","7/95","122/9396",0.0573770491803279,5.6748921484038,5.2524670688775,0.000224872419136152,0.0127052916811926,0.0102967897183396,"29904/5295/2309/51422/148/32/5516",7
"Organismal Systems","Nervous system","hsa04728","Dopaminergic synapse","7/95","132/9396",0.053030303030303,5.24497607655502,4.96373185056596,0.000364550725713812,0.0164776928022643,0.0133540686893059,"5602/4128/4129/5500/2890/2353/5516",7
"Human Diseases","Substance dependence","hsa05031","Amphetamine addiction","5/95","69/9396",0.072463768115942,7.16704805491991,5.19608518380363,0.00064090987680692,0.0241409386930607,0.0195646172920007,"4128/4129/5500/2890/2353",5
"Human Diseases","Infectious disease: bacterial","hsa05100","Bacterial invasion of epithelial cells","5/95","78/9396",0.0641025641025641,6.34008097165992,4.78607128973539,0.0011209579343666,0.0361909275952644,0.029330327906735,"5295/2549/55752/26084/1793",5
