"category","subcategory","ID","Description","GeneRatio","BgRatio","RichFactor","FoldEnrichment","zScore","pvalue","p.adjust","qvalue","geneID","Count"
"Human Diseases","Infectious disease: bacterial","hsa05135","Yersinia infection","6/53","138/9396",0.0434782608695652,7.70795734208367,5.97880514677772,0.000117200375038838,0.0175800562558257,0.0159145772421159,"4775/3937/6196/2185/9138/2533",6
"Human Diseases","Cardiovascular disease","hsa05416","Viral myocarditis","4/53","70/9396",0.0571428571428571,10.1304582210243,5.77480123419025,0.000628223144493402,0.0471167358370052,0.0426530450734994,"3683/6645/841/8672",4
